<?xml version="1.0" encoding= "UTF-8" ?>
<descriptor model-version="1.0.0">
   <release>
      <name>SW1905-15_DVX-HD_v1_6_76</name>
      <groupId>com.amx.firmware</groupId>
      <artifactId>DVX Switcher</artifactId>
      <version>1.6.76</version>
      <extension>kit</extension>
      <published>2015-1-27T9:37:00Z</published>
      <scope>RELEASE_CANDIDATE</scope>
      <labels/>
      <notes/>
   </release>
   <devices>
      <device id="427" name="DVX-x1xx Switcher" category="HYBRID_SWITCHING_AND_CONTROL" family="Enova DVX">
         <models>
            <model id="DVX-2110HD-SP" name="Enova DVX-2110HD-SP" fg="FG1905-07" />
         </models>
      </device>
      <device id="428" name="DVX-x1xx Switcher" category="HYBRID_SWITCHING_AND_CONTROL" family="Enova DVX">
         <models>
           <model id="DVX-2110HD-T" name="Enova DVX-2110HD-T" fg="FG1905-09" />
         </models>
      </device>
      <device id="390" name="DVX-x1xx Switcher" category="HYBRID_SWITCHING_AND_CONTROL" family="Enova DVX">
         <models>
	    <model id="DVX-2150HD-SP" name="Enova DVX-2150HD-SP" fg="FG1905-11" />
         </models>
      </device>
      <device id="391" name="DVX-x1xx Switcher" category="HYBRID_SWITCHING_AND_CONTROL" family="Enova DVX">
         <models>
            <model id="DVX-2150HD-T" name="Enova DVX-2150HD-T" fg="FG1905-13" />
         </models>
      </device>
      <device id="392" name="DVX-x1xx Switcher" category="HYBRID_SWITCHING_AND_CONTROL" family="Enova DVX">
         <models>
            <model id="DVX-2155HD-SP" name="Enova DVX-2155HD-SP" fg="FG1905-14" />
         </models>
      </device>
      <device id="393" name="DVX-x1xx Switcher" category="HYBRID_SWITCHING_AND_CONTROL" family="Enova DVX">
         <models>
            <model id="DVX-2155HD-T" name="Enova DVX-2155HD-T" fg="FG1905-14" />
         </models>
      </device>
      <device id="354" name="DVX-x1xx Switcher" category="HYBRID_SWITCHING_AND_CONTROL" family="Enova DVX">
         <models>
            <model id="DVX-3150HD-SP" name="Enova DVX-3150HD-SP" fg="FG1905-15" />
         </models>
      </device>
      <device id="387" name="DVX-x1xx Switcher" category="HYBRID_SWITCHING_AND_CONTROL" family="Enova DVX">
         <models>
            <model id="DVX-3150HD-T" name="Enova DVX-3150HD-T" fg="FG1905-16" />
         </models>
      </device>
       <device id="388" name="DVX-x1xx Switcher" category="HYBRID_SWITCHING_AND_CONTROL" family="Enova DVX">
         <models>
            <model id="DVX-3155HD-SP" name="Enova DVX-3155HD-SP" fg="FG1905-15" />
         </models>
      </device>
     <device id="389" name="DVX-x1xx Switcher" category="HYBRID_SWITCHING_AND_CONTROL" family="Enova DVX">
         <models>
            <model id="DVX-3155HD-T" name="Enova DVX-3155HD-T" fg="FG1905-18" />
         </models>
      </device>
      <device id="419" name="DVX-x1xx Switcher" category="HYBRID_SWITCHING_AND_CONTROL" family="Enova DVX">
         <models>
            <model id="DVX-3156HD-SP" name="Enova DVX-3156HD-SP" fg="FG1905-22" />
         </models>
      </device>
      <device id="420" name="DVX-x1xx Switcher" category="HYBRID_SWITCHING_AND_CONTROL" family="Enova DVX">
         <models>
            <model id="DVX-3156HD-T" name="Enova DVX-3156HD-T" fg="FG1905-24" />
         </models>
       </device>
  </devices>
   <prerequisites>
      <prerequisite>
         <version-constraint range="[0.0.0,)"/>
      </prerequisite>
   </prerequisites>
</descriptor>
