<?xml version="1.0" encoding="UTF-8"?><descriptor model-version="1.0.0">
   <release>
      <name>SW1010_3XX_AVB_KIT_DXLINK_TX_v1_8_47</name>
      <groupId>com.amx.firmware</groupId>
      <artifactId>DX-TX</artifactId>
      <version>1.8.47</version>
      <extension>kit</extension>
      <published>2018-08-06T13:37:41Z</published>
      <scope>GENERAL_AVAILABILITY</scope>
      <labels/>
      <notes/>
   </release>
   <devices>
      <device category="HYBRID_SWITCHING_AND_CONTROL" family="DXLINK" id="383" name="DXLINK HDMI MFTX">
         <models>
            <model fg="FG-1010-310" id="AVB-TX-MULTI-DXLINK" name="DXLINK-HDMI-MFTX"/>
         </models>
      </device>
      <device category="HYBRID_SWITCHING_AND_CONTROL" family="DXLINK" id="380" name="DXLINK HDMI TX">
         <models>
            <model fg="FG-1010-300" id="AVB-TX-HDMI-DXLINK" name="DXLINK-HDMI-TX"/>
         </models>
      </device>
      <device category="HYBRID_SWITCHING_AND_CONTROL" family="DXLINK" id="382" name="DXLINK HDMI WP">
         <models>
            <model fg="FG-1010-320" id="AVB-WP-TX-MULTI-DXLINK" name="DXLINK-HDMI-WP"/>
         </models>
      </device>
      <device category="HYBRID_SWITCHING_AND_CONTROL" family="DXLINK" id="395" name="DXLINK HDMI DWP">
         <models>
            <model fg="FG-1010-325" id="AVB-DWP-TX-MULTI-DXLINK" name="DXLINK-HDMI-DWP"/>
         </models>
      </device>
   </devices>
   <prerequisites>
      <prerequisite>
         <version-constraint range="[0.0.0,)"/>
         <device-constraint id="352" range="[2.2.0,)" required="false"/>
         <device-constraint id="448" range="[3.0.0,)" required="false"/>
      </prerequisite>
   </prerequisites>
   <properties>
     <property key="REBOOT-DELAY">60</property>
   </properties>
</descriptor>
